STA,Date,Precip,WindGustSpd,MaxTemp,MinTemp,MeanTemp,Snowfall,PoorWeather,YR,MO,DA,PRCP,DR,SPD,MAX,MIN,MEA,SNF,SND,FT,FB,FTI,ITH,PGT,TSHDSBRSGF,SD3,RHX,RHN,RVG,WTE
20602,16469,11.43,29.632,27.22222222,22.22222222,25,0,,45,2,1,0.45,32,16,81,72,77,0,0,,,,,10.2,,,,,,
20602,16470,12.7,59.264,27.77777778,22.77777778,25.55555556,0,,45,2,2,0.5,44,32,82,73,78,0,0,,,,,10.2,,,,,,
20602,16471,4.064,50.004,27.77777778,22.77777778,25.55555556,0,,45,2,3,0.16,32,27,82,73,78,0,0,,,,,1.1,,,,,,
20602,16472,22.606,40.744,26.66666667,23.88888889,25.55555556,0,,45,2,4,0.89,32,22,80,75,78,0,0,,,,,10.4,,,,,,
20602,16473,73.914,51.856,26.11111111,23.88888889,25,0,,45,2,5,2.91,54,28,79,75,77,0,0,,,,,11.6,,,,,,
20602,16474,20.32,50.004,27.77777778,23.88888889,26.11111111,0,,45,2,6,0.8,34,27,82,75,79,0,0,,,,,9.6,,,,,,
20602,16475,3.302,44.448,27.77777778,23.88888889,26.11111111,0,,45,2,7,0.13,33,24,82,75,79,0,0,,,,,22,,,,,,
20602,16476,6.096,57.412,28.33333333,23.33333333,26.11111111,0,,45,2,8,0.24,33,31,83,74,79,0,0,,,,,18.1,,,,,,
20602,16477,0.254,53.708,28.33333333,24.44444444,26.66666667,0,,45,2,9,0.01,33,29,83,76,80,0,0,,,,,2.4,,,,,,
20602,16478,1.524,53.708,28.33333333,23.88888889,26.11111111,0,,45,2,10,0.06,33,29,83,75,79,0,0,,,,,2.8,,,,,,
20602,16479,0,42.596,27.77777778,25.55555556,26.66666667,0,,45,2,11,0,32,23,82,78,80,0,0,,,,,14.5,,,,,,
20602,16480,11.684,62.968,26.66666667,23.88888889,25.55555556,0,,45,2,12,0.46,22,34,80,75,78,0,0,,,,,20.5,,,,,,
20602,16481,22.098,68.524,26.66666667,23.33333333,25,0,,45,2,13,0.87,32,37,80,74,77,0,0,,,,,22.7,,,,,,
20602,16483,14.986,51.856,27.77777778,23.33333333,25.55555556,0,,45,2,15,0.59,32,28,82,74,78,0,0,,,,,15.4,,,,,,
20602,16484,T,61.116,27.22222222,24.44444444,26.11111111,0,,45,2,16,T,22,33,81,76,79,0,0,,,,,9.9,,,,,,
20602,16485,5.334,59.264,29.44444444,23.88888889,26.66666667,0,,45,2,17,0.21,32,32,85,75,80,0,0,,,,,1.8,,,,,,
20602,16486,14.732,57.412,27.22222222,23.33333333,25.55555556,0,,45,2,18,0.58,44,31,81,74,78,0,0,,,,,13.4,,,,,,
20602,16487,8.382,62.968,27.22222222,23.33333333,25.55555556,0,,45,2,19,0.33,33,34,81,74,78,0,0,,,,,9.3,,,,,,
20602,16488,1.27,62.968,28.88888889,24.44444444,26.66666667,0,,45,2,20,0.05,33,34,84,76,80,0,0,,,,,23.5,,,,,,
20602,16489,2.54,57.412,26.66666667,23.33333333,25,0,,45,2,21,0.1,32,31,80,74,77,0,0,,,,,1.2,,,,,,
20602,16490,1.524,46.3,28.88888889,23.33333333,26.11111111,0,,45,2,22,0.06,32,25,84,74,79,0,0,,,,,20.5,,,,,,
20602,16491,T,50.004,28.88888889,23.88888889,26.66666667,0,,45,2,23,T,32,27,84,75,80,0,0,,,,,5.6,,,,,,
20602,16492,2.794,61.116,28.33333333,23.33333333,26.11111111,0,,45,2,24,0.11,33,33,83,74,79,0,0,,,,,10.3,,,,,,
20602,16493,0.254,38.892,28.88888889,23.33333333,26.11111111,0,,45,2,25,0.01,32,21,84,74,79,0,0,,,,,4.2,,,,,,
20602,16494,0,55.56,28.88888889,25.55555556,27.22222222,0,,45,2,26,0,33,30,84,78,81,0,0,,,,,14.7,,,,,,
20602,16495,0,31.484,28.88888889,25.55555556,27.22222222,0,,45,2,27,0,32,17,84,78,81,0,0,,,,,23.2,,,,,,
20602,16496,T,37.04,29.44444444,25,27.22222222,0,,45,2,28,T,32,20,85,77,81,0,0,,,,,22.5,,,,,,
20602,16497,4.826,57.412,28.33333333,25,26.66666667,0,,45,3,1,0.19,33,31,83,77,80,0,0,,,,,21.4,,,,,,
20602,16498,10.16,57.412,27.77777778,22.77777778,25.55555556,0,,45,3,2,0.4,32,31,82,73,78,0,0,,,,,12.7,,,,,,
20602,16499,11.938,53.708,28.33333333,25,26.66666667,0,,45,3,3,0.47,32,29,83,77,80,0,0,,,,,5.7,,,,,,
20602,16500,2.032,74.08,28.88888889,22.77777778,26.11111111,0,,45,3,4,0.08,33,40,84,73,79,0,0,,,,,5.9,,,,,,
20602,16501,2.286,74.08,28.33333333,23.88888889,26.11111111,0,,45,3,5,0.09,32,40,83,75,79,0,0,,,,,22.7,,,,,,
20602,16502,9.652,62.968,28.88888889,22.77777778,26.11111111,0,,45,3,6,0.38,32,34,84,73,79,0,0,,,,,22.7,,,,,,
20602,16503,4.826,55.56,28.88888889,23.88888889,26.66666667,0,,45,3,7,0.19,32,30,84,75,80,0,0,,,,,18.8,,,,,,
20602,16504,92.964,59.264,26.66666667,22.22222222,24.44444444,0,,45,3,8,3.66,32,32,80,72,76,0,0,,,,,14.8,,,,,,
20602,16505,T,59.264,28.88888889,25.55555556,27.22222222,0,,45,3,9,T,32,32,84,78,81,0,0,,,,,11.9,,,,,,
20602,16506,0,46.3,28.88888889,25.55555556,27.22222222,0,,45,3,10,0,32,25,84,78,81,0,0,,,,,3.8,,,,,,
20602,16507,T,53.708,28.88888889,25,27.22222222,0,,45,3,11,T,32,29,84,77,81,0,0,,,,,17.3,,,,,,
20602,16508,13.97,57.412,27.77777778,23.88888889,26.11111111,0,,45,3,12,0.55,33,31,82,75,79,0,0,,,,,21.5,,,,,,
20602,16509,5.588,53.708,26.66666667,23.33333333,25,0,,45,3,13,0.22,33,29,80,74,77,0,0,,,,,15.4,,,,,,
20602,16510,5.08,44.448,27.22222222,24.44444444,26.11111111,0,,45,3,14,0.2,32,24,81,76,79,0,0,,,,,7.7,,,,,,
20602,16511,T,46.3,27.77777778,24.44444444,26.11111111,0,,45,3,15,T,32,25,82,76,79,0,0,,,,,21.1,,,,,,
20602,16512,10.16,64.82,28.33333333,23.88888889,26.11111111,0,,45,3,16,0.4,32,35,83,75,79,0,0,,,,,22,,,,,,
20602,16513,T,50.004,28.33333333,23.88888889,26.11111111,0,,45,3,17,T,32,27,83,75,79,0,0,,,,,0.2,,,,,,
20602,16514,T,50.004,28.88888889,25.55555556,27.22222222,0,,45,3,18,T,33,27,84,78,81,0,0,,,,,14.1,,,,,,
20602,16515,T,44.448,28.88888889,24.44444444,26.66666667,0,,45,3,19,T,32,24,84,76,80,0,0,,,,,17.7,,,,,,
20602,16516,0.254,53.708,27.77777778,24.44444444,26.11111111,0,,45,3,20,0.01,32,29,82,76,79,0,0,,,,,12.5,,,,,,
20602,16517,T,37.04,28.33333333,24.44444444,26.66666667,0,,45,3,21,T,32,20,83,76,80,0,0,,,,,22.8,,,,,,
20602,16518,T,38.892,28.88888889,25,27.22222222,0,,45,3,22,T,32,21,84,77,81,0,0,,,,,23.5,,,,,,
20602,16519,0.508,50.004,28.88888889,23.88888889,26.66666667,0,,45,3,23,0.02,32,27,84,75,80,0,0,,,,,11.6,,,,,,
20602,16520,5.08,50.004,27.22222222,23.33333333,25.55555556,0,,45,3,24,0.2,32,27,81,74,78,0,0,,,,,6.6,,,,,,
20602,16521,3.81,50.004,28.33333333,23.88888889,26.11111111,0,,45,3,25,0.15,22,27,83,75,79,0,0,,,,,17.9,,,,,,
20602,16522,29.464,53.708,27.22222222,22.22222222,25,0,,45,3,26,1.16,22,29,81,72,77,0,0,,,,,0.2,,,,,,
20602,16523,2.286,53.708,27.22222222,23.33333333,25.55555556,0,,45,3,27,0.09,33,29,81,74,78,0,0,,,,,9.9,,,,,,
20602,16524,1.016,44.448,27.77777778,23.88888889,26.11111111,0,,45,3,28,0.04,32,24,82,75,79,0,0,,,,,10.1,,,,,,
20602,16525,T,46.3,28.88888889,23.88888889,26.66666667,0,,45,3,29,T,32,25,84,75,80,0,0,,,,,7.9,,,,,,
20602,16526,3.81,55.56,28.33333333,23.33333333,26.11111111,0,,45,3,30,0.15,32,30,83,74,79,0,0,,,,,23.1,,,,,,
20602,16527,0.762,53.708,27.77777778,23.88888889,26.11111111,0,,45,3,31,0.03,32,29,82,75,79,0,0,,,,,1.1,,,,,,
20602,16528,1.016,48.152,28.33333333,25,26.66666667,0,,45,4,1,0.04,33,26,83,77,80,0,0,,,,,21.9,,,,,,
20602,16529,1.27,55.56,28.88888889,23.33333333,26.11111111,0,,45,4,2,0.05,33,30,84,74,79,0,0,,,,,1.3,,,,,,
20602,16530,0.254,38.892,28.88888889,25,27.22222222,0,,45,4,3,0.01,33,21,84,77,81,0,0,,,,,11.3,,,,,,
20602,16531,T,35.188,28.88888889,25,27.22222222,0,,45,4,4,T,32,19,84,77,81,0,0,,,,,16.1,,,,,,
20602,16532,0.254,37.04,28.88888889,24.44444444,26.66666667,0,,45,4,5,0.01,33,20,84,76,80,0,0,,,,,0.9,,,,,,
20602,16533,0,29.632,29.44444444,25.55555556,27.77777778,0,,45,4,6,0,33,16,85,78,82,0,0,,,,,0.1,,,,,,
20602,16534,0,27.78,28.88888889,24.44444444,26.66666667,0,,45,4,7,0,32,15,84,76,80,0,0,,,,,5.9,,,,,,
20602,16535,0,31.484,28.88888889,24.44444444,26.66666667,0,,45,4,8,0,33,17,84,76,80,0,0,,,,,17,,,,,,
20602,16536,0.508,31.484,28.88888889,25,27.22222222,0,,45,4,9,0.02,32,17,84,77,81,0,0,,,,,19.7,,,,,,
20602,16537,2.794,37.04,28.88888889,23.88888889,26.66666667,0,,45,4,10,0.11,33,20,84,75,80,0,0,,,,,15.2,,,,,,
20602,16538,0,37.04,28.88888889,25.55555556,27.22222222,0,,45,4,11,0,32,20,84,78,81,0,0,,,,,10.1,,,,,,
20602,16539,T,33.336,28.88888889,25,27.22222222,0,,45,4,12,T,22,18,84,77,81,0,0,,,,,13.1,,,,,,
20602,16540,3.048,29.632,28.88888889,23.88888889,26.66666667,0,,45,4,13,0.12,34,16,84,75,80,0,0,,,,,1.7,,,,,,
20602,16541,1.016,38.892,27.77777778,24.44444444,26.11111111,0,,45,4,14,0.04,22,21,82,76,79,0,0,,,,,20,,,,,,
20602,16542,44.704,37.04,25.55555556,23.33333333,24.44444444,0,,45,4,15,1.76,33,20,78,74,76,0,0,,,,,9,,,,,,
20602,16543,T,46.3,28.88888889,24.44444444,26.66666667,0,,45,4,16,T,33,25,84,76,80,0,0,,,,,23.9,,,,,,
20602,16546,0.254,44.448,28.88888889,26.11111111,27.77777778,0,,45,4,19,0.01,32,24,84,79,82,0,0,,,,,13.1,,,,,,
20602,16547,T,48.152,28.88888889,24.44444444,26.66666667,0,,45,4,20,T,32,26,84,76,80,0,0,,,,,1.1,,,,,,
20602,16548,2.032,48.152,29.44444444,25.55555556,27.77777778,0,,45,4,21,0.08,32,26,85,78,82,0,0,,,,,1.1,,,,,,
20602,16549,0.254,35.188,30,24.44444444,27.22222222,0,,45,4,22,0.01,32,19,86,76,81,0,0,,,,,11.2,,,,,,
20602,16551,0.254,40.744,29.44444444,25.55555556,27.77777778,0,,45,4,24,0.01,32,22,85,78,82,0,0,,,,,13,,,,,,
20602,16552,T,42.596,28.88888889,26.11111111,27.77777778,0,,45,4,25,T,32,23,84,79,82,0,0,,,,,10.7,,,,,,
20602,16553,T,37.04,30,25.55555556,27.77777778,0,,45,4,26,T,22,20,86,78,82,0,0,,,,,23.1,,,,,,
20602,16554,30.988,51.856,27.22222222,23.33333333,25.55555556,0,,45,4,27,1.22,33,28,81,74,78,0,0,,,,,11.4,,,,,,
20602,16555,0.254,40.744,28.88888889,25.55555556,27.22222222,0,,45,4,28,0.01,34,22,84,78,81,0,0,,,,,7.4,,,,,,
20602,16556,3.81,37.04,28.88888889,23.88888889,26.66666667,0,,45,4,29,0.15,32,20,84,75,80,0,0,,,,,3,,,,,,
20602,16557,4.064,44.448,29.44444444,23.33333333,26.66666667,0,,45,4,30,0.16,32,24,85,74,80,0,0,,,,,18.4,,,,,,
20602,16558,0,33.336,28.88888889,25.55555556,27.22222222,0,,45,5,1,0,32,18,84,78,81,0,0,,,,,17.3,,,,,,
20602,16559,T,35.188,29.44444444,26.11111111,27.77777778,0,,45,5,2,T,32,19,85,79,82,0,0,,,,,16.4,,,,,,
20602,16560,0,33.336,29.44444444,25.55555556,27.77777778,0,,45,5,3,0,33,18,85,78,82,0,0,,,,,7.6,,,,,,
20602,16561,0,33.336,29.44444444,25.55555556,27.77777778,0,,45,5,4,0,32,18,85,78,82,0,0,,,,,14.6,,,,,,
20602,16562,0,29.632,29.44444444,25.55555556,27.77777778,0,,45,5,5,0,22,16,85,78,82,0,0,,,,,10,,,,,,
20602,16563,2.032,44.448,28.88888889,24.44444444,26.66666667,0,,45,5,6,0.08,33,24,84,76,80,0,0,,,,,22,,,,,,
20602,16564,0.254,37.04,29.44444444,24.44444444,27.22222222,0,,45,5,7,0.01,33,20,85,76,81,0,0,,,,,3.1,,,,,,
20602,16565,T,44.448,29.44444444,26.11111111,27.77777778,0,,45,5,8,T,22,24,85,79,82,0,0,,,,,10.5,,,,,,
20602,16566,14.732,46.3,28.88888889,23.33333333,26.11111111,0,,45,5,9,0.58,33,25,84,74,79,0,0,,,,,16,,,,,,
20602,16567,26.67,50.004,28.33333333,23.33333333,26.11111111,0,,45,5,10,1.05,34,27,83,74,79,0,0,,,,,4.5,,,,,,
20602,16568,3.048,42.596,28.88888889,23.88888889,26.66666667,0,,45,5,11,0.12,32,23,84,75,80,0,0,,,,,6.5,,,,,,
20602,16569,T,40.744,28.88888889,25.55555556,27.22222222,0,,45,5,12,T,32,22,84,78,81,0,0,,,,,21.9,,,,,,
20602,16570,2.286,42.596,28.88888889,23.88888889,26.66666667,0,,45,5,13,0.09,33,23,84,75,80,0,0,,,,,12.3,,,,,,
20602,16571,5.08,46.3,28.88888889,23.88888889,26.66666667,0,,45,5,14,0.2,33,25,84,75,80,0,0,,,,,23.9,,,,,,
20602,16572,1.27,38.892,28.88888889,24.44444444,26.66666667,0,,45,5,15,0.05,33,21,84,76,80,0,0,,,,,23.7,,,,,,
20602,16573,6.858,37.04,28.88888889,23.33333333,26.11111111,0,,45,5,16,0.27,22,20,84,74,79,0,0,,,,,16.3,,,,,,
20602,16574,0,33.336,29.44444444,25.55555556,27.77777778,0,,45,5,17,0,33,18,85,78,82,0,0,,,,,9.7,,,,,,
20602,16575,0,33.336,28.88888889,25.55555556,27.22222222,0,,45,5,18,0,22,18,84,78,81,0,0,,,,,12.5,,,,,,
20602,16576,0.508,35.188,29.44444444,25.55555556,27.77777778,0,,45,5,19,0.02,33,19,85,78,82,0,0,,,,,10.3,,,,,,
20602,16577,2.54,37.04,28.88888889,25.55555556,27.22222222,0,,45,5,20,0.1,32,20,84,78,81,0,0,,,,,3.8,,,,,,
20602,16578,T,33.336,30,25.55555556,27.77777778,0,,45,5,21,T,32,18,86,78,82,0,0,,,,,20.7,,,,,,
20602,16579,0.508,50.004,29.44444444,25.55555556,27.77777778,0,,45,5,22,0.02,33,27,85,78,82,0,0,,,,,13,,,,,,
20602,16580,1.27,42.596,29.44444444,25.55555556,27.77777778,0,,45,5,23,0.05,33,23,85,78,82,0,0,,,,,12.8,,,,,,
20602,16581,T,37.04,30,25.55555556,27.77777778,0,,45,5,24,T,33,20,86,78,82,0,0,,,,,9.9,,,,,,
20602,16582,0.508,35.188,30,25.55555556,27.77777778,0,,45,5,25,0.02,32,19,86,78,82,0,0,,,,,1.2,,,,,,
20602,16583,20.066,46.3,27.77777778,23.88888889,26.11111111,0,,45,5,26,0.79,33,25,82,75,79,0,0,,,,,18.4,,,,,,
20602,16584,8.128,50.004,28.88888889,23.33333333,26.11111111,0,,45,5,27,0.32,44,27,84,74,79,0,0,,,,,3.5,,,,,,
20602,16585,4.318,59.264,29.44444444,24.44444444,27.22222222,0,,45,5,28,0.17,33,32,85,76,81,0,0,,,,,23.5,,,,,,
20602,16586,T,40.744,28.88888889,24.44444444,26.66666667,0,,45,5,29,T,32,22,84,76,80,0,0,,,,,18,,,,,,
20602,16587,11.684,48.152,27.77777778,24.44444444,26.11111111,0,,45,5,30,0.46,34,26,82,76,79,0,0,,,,,8.7,,,,,,
20602,16588,4.064,37.04,29.44444444,25.55555556,27.77777778,0,,45,5,31,0.16,32,20,85,78,82,0,0,,,,,16,,,,,,
20602,16589,1.016,44.448,29.44444444,25,27.22222222,0,,45,6,1,0.04,33,24,85,77,81,0,0,,,,,3.1,,,,,,
20602,16590,7.366,44.448,29.44444444,23.88888889,26.66666667,0,,45,6,2,0.29,33,24,85,75,80,0,0,,,,,9.4,,,,,,
20602,16591,0,40.744,29.44444444,24.44444444,27.22222222,0,,45,6,3,0,32,22,85,76,81,0,0,,,,,21.3,,,,,,
20602,16592,T,50.004,28.88888889,26.11111111,27.77777778,0,,45,6,4,T,22,27,84,79,82,0,0,,,,,19.9,,,,,,
20602,16593,7.112,61.116,28.88888889,23.33333333,26.11111111,0,,45,6,5,0.28,32,33,84,74,79,0,0,,,,,22.4,,,,,,
20602,16594,1.524,55.56,30,24.44444444,27.22222222,0,,45,6,6,0.06,32,30,86,76,81,0,0,,,,,3,,,,,,
20602,16595,T,46.3,29.44444444,25.55555556,27.77777778,0,,45,6,7,T,32,25,85,78,82,0,0,,,,,18.2,,,,,,
20602,16596,0.254,42.596,29.44444444,25,27.22222222,0,,45,6,8,0.01,32,23,85,77,81,0,0,,,,,0.1,,,,,,
20602,16597,25.908,48.152,28.88888889,24.44444444,26.66666667,0,,45,6,9,1.02,33,26,84,76,80,0,0,,,,,22.1,,,,,,
20602,16598,0.254,51.856,28.88888889,24.44444444,26.66666667,0,,45,6,10,0.01,32,28,84,76,80,0,0,,,,,22.5,,,,,,
20602,16599,3.81,53.708,28.88888889,24.44444444,26.66666667,0,,45,6,11,0.15,33,29,84,76,80,0,0,,,,,7.4,,,,,,
20602,16600,7.366,61.116,27.77777778,24.44444444,26.11111111,0,,45,6,12,0.29,33,33,82,76,79,0,0,,,,,10,,,,,,
20602,16601,10.668,44.448,29.44444444,24.44444444,27.22222222,0,,45,6,13,0.42,33,24,85,76,81,0,0,,,,,5.9,,,,,,
20602,16602,8.382,42.596,27.77777778,24.44444444,26.11111111,0,,45,6,14,0.33,33,23,82,76,79,0,0,,,,,14.3,,,,,,
20602,16603,0,33.336,30,26.11111111,28.33333333,0,,45,6,15,0,33,18,86,79,83,0,0,,,,,4.7,,,,,,
20602,16604,50.546,31.484,30,23.88888889,27.22222222,0,,45,6,16,1.99,44,17,86,75,81,0,0,,,,,22.8,,,,,,
20602,16605,4.826,20.372,27.77777778,23.33333333,25.55555556,0,,45,6,17,0.19,44,11,82,74,78,0,0,,,,,0.6,,,,,,
20602,16606,45.974,42.596,28.33333333,24.44444444,26.66666667,0,,45,6,18,1.81,34,23,83,76,80,0,0,,,,,21.8,,,,,,
20602,16607,19.812,40.744,29.44444444,23.88888889,26.66666667,0,,45,6,19,0.78,33,22,85,75,80,0,0,,,,,2.1,,,,,,
20602,16608,12.7,37.04,28.33333333,23.88888889,26.11111111,0,,45,6,20,0.5,55,20,83,75,79,0,0,,,,,13.1,,,,,,
20602,16609,0,20.372,28.88888889,24.44444444,26.66666667,0,,45,6,21,0,32,11,84,76,80,0,0,,,,,6,,,,,,
20602,16610,7.366,37.04,28.33333333,24.44444444,26.66666667,0,,45,6,22,0.29,32,20,83,76,80,0,0,,,,,17.8,,,,,,
20602,16611,0,35.188,28.88888889,25.55555556,27.22222222,0,,45,6,23,0,32,19,84,78,81,0,0,,,,,13.1,,,,,,
20602,16612,0,38.892,28.88888889,26.66666667,27.77777778,0,,45,6,24,0,22,21,84,80,82,0,0,,,,,22.1,,,,,,
20602,16613,18.288,44.448,27.22222222,24.44444444,26.11111111,0,,45,6,25,0.72,32,24,81,76,79,0,0,,,,,11.9,,,,,,
20602,16614,4.318,38.892,26.66666667,24.44444444,25.55555556,0,,45,6,26,0.17,33,21,80,76,78,0,0,,,,,10.4,,,,,,
20602,16615,14.224,37.04,29.44444444,23.88888889,26.66666667,0,,45,6,27,0.56,54,20,85,75,80,0,0,,,,,13.6,,,,,,
20602,16616,26.416,33.336,28.88888889,22.77777778,26.11111111,0,,45,6,28,1.04,34,18,84,73,79,0,0,,,,,8.9,,,,,,
20602,16617,0,27.78,28.88888889,25.55555556,27.22222222,0,,45,6,29,0,32,15,84,78,81,0,0,,,,,3.5,,,,,,
20602,16618,0.762,37.04,30,25.55555556,27.77777778,0,,45,6,30,0.03,33,20,86,78,82,0,0,,,,,23.4,,,,,,
20602,16619,9.398,59.264,28.88888889,23.88888889,26.66666667,0,,45,7,1,0.37,33,32,84,75,80,0,0,,,,,12.7,,,,,,
20602,16620,14.478,35.188,30,24.44444444,27.22222222,0,,45,7,2,0.57,33,19,86,76,81,0,0,,,,,18.4,,,,,,
20602,16621,0.508,40.744,30,25,27.77777778,0,,45,7,3,0.02,34,22,86,77,82,0,0,,,,,13.5,,,,,,
20602,16622,4.572,29.632,30.55555556,24.44444444,27.77777778,0,,45,7,4,0.18,44,16,87,76,82,0,0,,,,,3.6,,,,,,
20602,16623,0,22.224,29.44444444,24.44444444,27.22222222,0,,45,7,5,0,32,12,85,76,81,0,0,,,,,11.3,,,,,,
20602,16624,27.178,40.744,29.44444444,24.44444444,27.22222222,0,,45,7,6,1.07,32,22,85,76,81,0,0,,,,,14.5,,,,,,
20602,16625,2.794,38.892,28.33333333,25,26.66666667,0,,45,7,7,0.11,34,21,83,77,80,0,0,,,,,17.5,,,,,,
20602,16626,T,46.3,29.44444444,25,27.22222222,0,,45,7,8,T,32,25,85,77,81,0,0,,,,,14.8,,,,,,
20602,16627,3.556,50.004,27.77777778,24.44444444,26.11111111,0,,45,7,9,0.14,32,27,82,76,79,0,0,,,,,13.5,,,,,,
20602,16628,30.988,48.152,28.88888889,23.33333333,26.11111111,0,,45,7,10,1.22,32,26,84,74,79,0,0,,,,,14.8,,,,,,
20602,16629,14.224,33.336,28.88888889,23.88888889,26.66666667,0,,45,7,11,0.56,33,18,84,75,80,0,0,,,,,8.4,,,,,,
20602,16630,64.516,42.596,27.22222222,23.33333333,25.55555556,0,,45,7,12,2.54,32,23,81,74,78,0,0,,,,,4.2,,,,,,
20602,16631,9.144,22.224,25.55555556,23.33333333,24.44444444,0,,45,7,13,0.36,34,12,78,74,76,0,0,,,,,14.7,,,,,,
20602,16632,T,31.484,28.88888889,25,27.22222222,0,,45,7,14,T,33,17,84,77,81,0,0,,,,,11.8,,,,,,
20602,16633,3.048,40.744,29.44444444,25.55555556,27.77777778,0,,45,7,15,0.12,22,22,85,78,82,0,0,,,,,21.4,,,,,,
20602,16634,61.722,50.004,27.22222222,24.44444444,26.11111111,0,,45,7,16,2.43,33,27,81,76,79,0,0,,,,,18.1,,,,,,
20602,16635,11.43,38.892,30,23.88888889,27.22222222,0,,45,7,17,0.45,34,21,86,75,81,0,0,,,,,13,,,,,,
20602,16636,0,29.632,30.55555556,26.11111111,28.33333333,0,,45,7,18,0,34,16,87,79,83,0,0,,,,,3.5,,,,,,
20602,16637,4.064,37.04,30,23.88888889,27.22222222,0,,45,7,19,0.16,22,20,86,75,81,0,0,,,,,16.5,,,,,,
20602,16638,7.62,42.596,29.44444444,23.88888889,26.66666667,0,,45,7,20,0.3,32,23,85,75,80,0,0,,,,,5.2,,,,,,
20602,16639,2.794,37.04,30.55555556,25,27.77777778,0,,45,7,21,0.11,44,20,87,77,82,0,0,,,,,5.7,,,,,,
20602,16640,0.254,29.632,30.55555556,26.11111111,28.33333333,0,,45,7,22,0.01,34,16,87,79,83,0,0,,,,,7.2,,,,,,
20602,16641,19.05,33.336,29.44444444,24.44444444,27.22222222,0,,45,7,23,0.75,32,18,85,76,81,0,0,,,,,3.9,,,,,,
20602,16642,10.922,37.04,29.44444444,24.44444444,27.22222222,0,,45,7,24,0.43,44,20,85,76,81,0,0,,,,,14.1,,,,,,
20602,16643,12.192,31.484,28.33333333,24.44444444,26.66666667,0,,45,7,25,0.48,34,17,83,76,80,0,0,,,,,17.4,,,,,,
20602,16644,0.508,35.188,29.44444444,25.55555556,27.77777778,0,,45,7,26,0.02,44,19,85,78,82,0,0,,,,,16.5,,,,,,
20602,16645,12.954,29.632,28.88888889,23.88888889,26.66666667,0,,45,7,27,0.51,32,16,84,75,80,0,0,,,,,7.4,,,,,,
20602,16646,2.54,27.78,28.33333333,23.88888889,26.11111111,0,,45,7,28,0.1,55,15,83,75,79,0,0,,,,,23.1,,,,,,
20602,16647,T,31.484,30.55555556,26.11111111,28.33333333,0,,45,7,29,T,22,17,87,79,83,0,0,,,,,17.2,,,,,,
20602,16648,0.762,46.3,29.44444444,23.88888889,26.66666667,0,,45,7,30,0.03,12,25,85,75,80,0,0,,,,,4.8,,,,,,
20602,16649,15.748,33.336,30,24.44444444,27.22222222,0,,45,7,31,0.62,44,18,86,76,81,0,0,,,,,11.2,,,,,,
20602,16650,T,37.04,30.55555556,25.55555556,28.33333333,0,,45,8,1,T,34,20,87,78,83,0,0,,,,,10.4,,,,,,
20602,16651,0.254,38.892,30,26.11111111,28.33333333,0,,45,8,2,0.01,34,21,86,79,83,0,0,,,,,20.9,,,,,,
20602,16652,0,33.336,30.55555556,26.66666667,28.88888889,0,,45,8,3,0,34,18,87,80,84,0,0,,,,,1.7,,,,,,
20602,16653,0.762,44.448,30.55555556,25.55555556,28.33333333,0,,45,8,4,0.03,44,24,87,78,83,0,0,,,,,23.6,,,,,,
20602,16654,35.56,38.892,27.77777778,23.88888889,26.11111111,0,,45,8,5,1.4,55,21,82,75,79,0,0,,,,,9.1,,,,,,
20602,16655,69.088,42.596,31.11111111,23.88888889,27.77777778,0,,45,8,6,2.72,34,23,88,75,82,0,0,,,,,16.7,,,,,,
20602,16656,10.414,33.336,28.33333333,23.88888889,26.11111111,0,,45,8,7,0.41,34,18,83,75,79,0,0,,,,,12.5,,,,,,
20602,16657,3.302,51.856,30.55555556,26.66666667,28.88888889,0,,45,8,8,0.13,34,28,87,80,84,0,0,,,,,23.3,,,,,,
20602,16658,2.032,51.856,30,24.44444444,27.22222222,0,,45,8,9,0.08,32,28,86,76,81,0,0,,,,,3,,,,,,
20602,16659,3.81,53.708,28.88888889,23.33333333,26.11111111,0,,45,8,10,0.15,33,29,84,74,79,0,0,,,,,9.1,,,,,,
20602,16660,T,38.892,30.55555556,25.55555556,28.33333333,0,,45,8,11,T,34,21,87,78,83,0,0,,,,,5.9,,,,,,
20602,16661,0,33.336,30,26.11111111,28.33333333,0,,45,8,12,0,44,18,86,79,83,0,0,,,,,8,,,,,,
20602,16662,12.446,38.892,29.44444444,23.88888889,26.66666667,0,,45,8,13,0.49,32,21,85,75,80,0,0,,,,,2.5,,,,,,
20602,16663,T,44.448,28.88888889,24.44444444,26.66666667,0,,45,8,14,T,33,24,84,76,80,0,0,,,,,12.5,,,,,,
20602,16664,29.718,40.744,28.88888889,23.33333333,26.11111111,0,,45,8,15,1.17,33,22,84,74,79,0,0,,,,,8.3,,,,,,
20602,16665,7.874,22.224,30.55555556,25,27.77777778,0,,45,8,16,0.31,32,12,87,77,82,0,0,,,,,20.6,,,,,,
20602,16666,12.7,35.188,28.88888889,26.66666667,27.77777778,0,,45,8,17,0.5,22,19,84,80,82,0,0,,,,,21.8,,,,,,
20602,16667,120.396,42.596,26.66666667,22.22222222,24.44444444,0,,45,8,18,4.74,44,23,80,72,76,0,0,,,,,13,,,,,,
20602,16668,24.638,55.56,30,23.33333333,26.66666667,0,,45,8,19,0.97,33,30,86,74,80,0,0,,,,,23.8,,,,,,
20602,16669,13.97,57.412,28.88888889,23.33333333,26.11111111,0,,45,8,20,0.55,44,31,84,74,79,0,0,,,,,5.4,,,,,,
20602,16670,0.508,27.78,30,25.55555556,27.77777778,0,,45,8,21,0.02,34,15,86,78,82,0,0,,,,,5.2,,,,,,
20602,16671,14.224,38.892,30,24.44444444,27.22222222,0,,45,8,22,0.56,22,21,86,76,81,0,0,,,,,20.7,,,,,,
20602,16672,4.318,37.04,30,24.44444444,27.22222222,0,,45,8,23,0.17,34,20,86,76,81,0,0,,,,,12.5,,,,,,
20602,16674,52.324,46.3,28.33333333,23.33333333,26.11111111,0,,45,8,25,2.06,44,25,83,74,79,0,0,,,,,0.2,,,,,,
20602,16675,4.318,55.56,29.44444444,23.88888889,26.66666667,0,,45,8,26,0.17,55,30,85,75,80,0,0,,,,,13.5,,,,,,
20602,16676,3.302,42.596,28.88888889,23.88888889,26.66666667,0,,45,8,27,0.13,55,23,84,75,80,0,0,,,,,7.4,,,,,,
20602,16677,28.448,50.004,29.44444444,23.33333333,26.66666667,0,,45,8,28,1.12,55,27,85,74,80,0,0,,,,,8,,,,,,
20602,16678,6.35,51.856,30,25,27.77777778,0,,45,8,29,0.25,44,28,86,77,82,0,0,,,,,17.4,,,,,,
20602,16679,2.54,27.78,30,24.44444444,27.22222222,0,,45,8,30,0.1,44,15,86,76,81,0,0,,,,,23.4,,,,,,
20602,16680,0.254,29.632,30,26.11111111,28.33333333,0,,45,8,31,0.01,44,16,86,79,83,0,0,,,,,8.6,,,,,,
20602,16681,30.226,40.744,28.33333333,22.77777778,25.55555556,0,,45,9,1,1.19,32,22,83,73,78,0,0,,,,,4.8,,,,,,
20602,16682,0,33.336,29.44444444,26.11111111,27.77777778,0,,45,9,2,0,34,18,85,79,82,0,0,,,,,7.9,,,,,,
20602,16683,0,42.596,29.44444444,26.11111111,27.77777778,0,,45,9,3,0,34,23,85,79,82,0,0,,,,,12.8,,,,,,
20602,16684,0.508,37.04,29.44444444,26.11111111,27.77777778,0,,45,9,4,0.02,44,20,85,79,82,0,0,,,,,14.2,,,,,,
20602,16685,0,33.336,30,26.11111111,28.33333333,0,,45,9,5,0,44,18,86,79,83,0,0,,,,,17.9,,,,,,
20602,16686,15.494,40.744,29.44444444,23.88888889,26.66666667,0,,45,9,6,0.61,33,22,85,75,80,0,0,,,,,3.4,,,,,,
20602,16687,T,37.04,28.88888889,24.44444444,26.66666667,0,,45,9,7,T,55,20,84,76,80,0,0,,,,,4.2,,,,,,
20602,16688,0,33.336,30,26.11111111,28.33333333,0,,45,9,8,0,55,18,86,79,83,0,0,,,,,5.6,,,,,,
20602,16689,0,37.04,30.55555556,25.55555556,28.33333333,0,,45,9,9,0,44,20,87,78,83,0,0,,,,,4.4,,,,,,
20602,16690,1.27,37.04,30.55555556,25.55555556,28.33333333,0,,45,9,10,0.05,44,20,87,78,83,0,0,,,,,5.4,,,,,,
20602,16691,0,37.04,31.11111111,26.66666667,28.88888889,0,,45,9,11,0,54,20,88,80,84,0,0,,,,,19.7,,,,,,
20602,16692,0,33.336,30.55555556,26.66666667,31.66666667,0,,45,9,12,0,54,18,87,80,89,0,0,,,,,0,,,,,,
20602,16693,0,29.632,31.11111111,26.11111111,28.88888889,0,,45,9,13,0,54,16,88,79,84,0,0,,,,,8.2,,,,,,
20602,16694,0,24.076,30,26.66666667,28.33333333,0,,45,9,14,0,54,13,86,80,83,0,0,,,,,19.6,,,,,,
20602,16695,6.35,35.188,30.55555556,25,27.77777778,0,,45,9,15,0.25,44,19,87,77,82,0,0,,,,,17.2,,,,,,
20602,16696,2.54,40.744,30.55555556,23.88888889,27.22222222,0,,45,9,16,0.1,33,22,87,75,81,0,0,,,,,20,,,,,,
20602,16697,1.27,37.04,30,25,27.77777778,0,,45,9,17,0.05,44,20,86,77,82,0,0,,,,,21.6,,,,,,
20602,16698,0,40.744,30.55555556,26.66666667,28.88888889,0,,45,9,18,0,34,22,87,80,84,0,0,,,,,10.7,,,,,,
20602,16699,4.064,48.152,29.44444444,25,27.22222222,0,,45,9,19,0.16,34,26,85,77,81,0,0,,,,,7.5,,,,,,
20602,16700,T,38.892,29.44444444,26.11111111,27.77777778,0,,45,9,20,T,54,21,85,79,82,0,0,,,,,9.9,,,,,,
20602,16701,11.43,25.928,30,25.55555556,27.77777778,0,,45,9,21,0.45,34,14,86,78,82,0,0,,,,,17.5,,,,,,
20602,16702,2.286,29.632,30,25.55555556,27.77777778,0,,45,9,22,0.09,54,16,86,78,82,0,0,,,,,15,,,,,,
20602,16703,6.604,37.04,28.88888889,25,27.22222222,0,,45,9,23,0.26,44,20,84,77,81,0,0,,,,,14.6,,,,,,
20602,16704,0,35.188,29.44444444,25.55555556,27.77777778,0,,45,9,24,0,54,19,85,78,82,0,0,,,,,14.9,,,,,,
20602,16705,5.08,42.596,30,25,27.77777778,0,,45,9,25,0.2,44,23,86,77,82,0,0,,,,,21.4,,,,,,
20602,16706,3.048,46.3,28.88888889,25,27.22222222,0,,45,9,26,0.12,34,25,84,77,81,0,0,,,,,0.6,,,,,,
20602,16707,T,48.152,30,24.44444444,27.22222222,0,,45,9,27,T,55,26,86,76,81,0,0,,,,,3.2,,,,,,
20602,16708,1.016,29.632,28.33333333,25,26.66666667,0,,45,9,28,0.04,56,16,83,77,80,0,0,,,,,17.2,,,,,,
20602,16709,T,22.224,28.88888889,25,27.22222222,0,,45,9,29,T,55,12,84,77,81,0,0,,,,,8.8,,,,,,
20602,16710,0,27.78,29.44444444,25,27.22222222,0,,45,9,30,0,54,15,85,77,81,0,0,,,,,12.2,,,,,,
20602,16711,0.254,37.04,28.88888889,24.44444444,26.66666667,0,,45,10,1,0.01,44,20,84,76,80,0,0,,,,,10.5,,,,,,
20602,16712,3.302,29.632,27.77777778,24.44444444,26.11111111,0,,45,10,2,0.13,55,16,82,76,79,0,0,,,,,17.4,,,,,,
20602,16713,7.112,37.04,26.66666667,24.44444444,25.55555556,0,,45,10,3,0.28,78,20,80,76,78,0,0,,,,,12.6,,,,,,
20602,16714,0,29.632,27.77777778,25,26.66666667,0,,45,10,4,0,76,16,82,77,80,0,0,,,,,15,,,,,,
20602,16715,19.05,37.04,28.33333333,23.88888889,26.11111111,0,,45,10,5,0.75,77,20,83,75,79,0,0,,,,,3.7,,,,,,
20602,16716,22.098,27.78,28.88888889,24.44444444,26.66666667,0,,45,10,6,0.87,66,15,84,76,80,0,0,,,,,19.7,,,,,,
20602,16717,0.508,27.78,28.88888889,25,27.22222222,0,,45,10,7,0.02,55,15,84,77,81,0,0,,,,,16.4,,,,,,
20602,16718,10.922,37.04,28.33333333,24.44444444,26.66666667,0,,45,10,8,0.43,55,20,83,76,80,0,0,,,,,22.5,,,,,,
20602,16719,15.494,40.744,28.33333333,23.88888889,26.11111111,0,,45,10,9,0.61,55,22,83,75,79,0,0,,,,,19.2,,,,,,
20602,16720,10.414,42.596,27.77777778,23.88888889,26.11111111,0,,45,10,10,0.41,55,23,82,75,79,0,0,,,,,8.1,,,,,,
20602,16721,0,40.744,30,26.11111111,28.33333333,0,,45,10,11,0,44,22,86,79,83,0,0,,,,,10,,,,,,
20602,16722,0.508,33.336,30,25,27.77777778,0,,45,10,12,0.02,32,18,86,77,82,0,0,,,,,17,,,,,,
20602,16723,31.242,37.04,27.22222222,24.44444444,26.11111111,0,,45,10,13,1.23,34,20,81,76,79,0,0,,,,,20.5,,,,,,
20602,16724,22.606,51.856,28.88888889,24.44444444,26.66666667,0,,45,10,14,0.89,54,28,84,76,80,0,0,,,,,14.4,,,,,,
20602,16725,24.892,62.968,29.44444444,23.33333333,26.66666667,0,,45,10,15,0.98,44,34,85,74,80,0,0,,,,,20.8,,,,,,
20602,16726,31.75,51.856,29.44444444,22.77777778,26.11111111,0,,45,10,16,1.25,44,28,85,73,79,0,0,,,,,0.2,,,,,,
20602,16727,13.462,37.04,30,23.88888889,27.22222222,0,,45,10,17,0.53,33,20,86,75,81,0,0,,,,,22.6,,,,,,
20602,16728,22.606,25.928,28.88888889,23.33333333,26.11111111,0,,45,10,18,0.89,44,14,84,74,79,0,0,,,,,22.3,,,,,,
20602,16729,0.762,40.744,30,26.11111111,28.33333333,0,,45,10,19,0.03,44,22,86,79,83,0,0,,,,,11.5,,,,,,
20602,16730,T,37.04,30,25.55555556,27.77777778,0,,45,10,20,T,44,20,86,78,82,0,0,,,,,17,,,,,,
20602,16731,4.064,40.744,30.55555556,24.44444444,27.77777778,0,,45,10,21,0.16,54,22,87,76,82,0,0,,,,,3.5,,,,,,
20602,16732,T,37.04,29.44444444,26.66666667,28.33333333,0,,45,10,22,T,44,20,85,80,83,0,0,,,,,3.8,,,,,,
20602,16733,T,29.632,30.55555556,26.11111111,28.33333333,0,,45,10,23,T,44,16,87,79,83,0,0,,,,,10.1,,,,,,
20602,16734,0,37.04,30,25.55555556,27.77777778,0,,45,10,24,0,54,20,86,78,82,0,0,,,,,17.4,,,,,,
20602,16735,7.366,48.152,29.44444444,24.44444444,27.22222222,0,,45,10,25,0.29,34,26,85,76,81,0,0,,,,,3.8,,,,,,
20602,16736,56.896,40.744,27.22222222,23.33333333,25.55555556,0,,45,10,26,2.24,44,22,81,74,78,0,0,,,,,13.1,,,,,,
20602,16737,0.254,37.04,30,25,27.77777778,0,,45,10,27,0.01,54,20,86,77,82,0,0,,,,,13.6,,,,,,
20602,16738,0,35.188,30,25.55555556,27.77777778,0,,45,10,28,0,55,19,86,78,82,0,0,,,,,15.6,,,,,,
20602,16739,0,37.04,30,26.11111111,28.33333333,0,,45,10,29,0,54,20,86,79,83,0,0,,,,,12.2,,,,,,
20602,16740,35.306,75.932,27.77777778,21.11111111,24.44444444,0,,45,10,30,1.39,33,41,82,70,76,0,0,,,,,11.8,,,,,,
20602,16741,0.762,50.004,29.44444444,24.44444444,27.22222222,0,,45,10,31,0.03,34,27,85,76,81,0,0,,,,,2.7,,,,,,
20602,16742,9.144,37.04,29.44444444,23.88888889,26.66666667,0,,45,11,1,0.36,55,20,85,75,80,0,0,,,,,12,,,,,,
20602,16743,0.508,37.04,28.88888889,23.88888889,26.66666667,0,,45,11,2,0.02,32,20,84,75,80,0,0,,,,,19.7,,,,,,
20602,16744,0.508,37.04,30,25,27.77777778,0,,45,11,3,0.02,44,20,86,77,82,0,0,,,,,16.5,,,,,,
20602,16745,2.286,33.336,30,24.44444444,27.22222222,0,,45,11,4,0.09,54,18,86,76,81,0,0,,,,,17.5,,,,,,
20602,16746,35.814,48.152,29.44444444,23.33333333,26.66666667,0,,45,11,5,1.41,44,26,85,74,80,0,0,,,,,17.4,,,,,,
20602,16747,2.794,40.744,29.44444444,23.88888889,26.66666667,0,,45,11,6,0.11,34,22,85,75,80,0,0,,,,,19.5,,,,,,
20602,16748,3.81,37.04,28.33333333,24.44444444,26.66666667,0,,45,11,7,0.15,54,20,83,76,80,0,0,,,,,15.3,,,,,,
20602,16749,0,31.484,30,25.55555556,27.77777778,0,,45,11,8,0,54,17,86,78,82,0,0,,,,,6.4,,,,,,
20602,16750,4.826,40.744,30.55555556,24.44444444,27.77777778,0,,45,11,9,0.19,44,22,87,76,82,0,0,,,,,18,,,,,,
20602,16751,4.064,44.448,30,25,27.77777778,0,,45,11,10,0.16,32,24,86,77,82,0,0,,,,,21.7,,,,,,
20602,16752,119.38,75.932,27.22222222,22.22222222,25,0,,45,11,11,4.7,44,41,81,72,77,0,0,,,,,14.3,,,,,,
20602,16753,T,42.596,28.88888889,26.11111111,27.77777778,0,,45,11,12,T,54,23,84,79,82,0,0,,,,,16.9,,,,,,
20602,16754,0,33.336,28.33333333,25.55555556,27.22222222,0,,45,11,13,0,55,18,83,78,81,0,0,,,,,8.2,,,,,,
20602,16755,1.524,33.336,28.88888889,25,27.22222222,0,,45,11,14,0.06,55,18,84,77,81,0,0,,,,,19.5,,,,,,
20602,16756,T,33.336,30,24.44444444,27.22222222,0,,45,11,15,T,55,18,86,76,81,0,0,,,,,14.3,,,,,,
20602,16757,1.27,46.3,30,25,27.77777778,0,,45,11,16,0.05,55,25,86,77,82,0,0,,,,,10.6,,,,,,
20602,16758,3.81,48.152,29.44444444,25,27.22222222,0,,45,11,17,0.15,54,26,85,77,81,0,0,,,,,21.8,,,,,,
20602,16770,0,40.744,29.44444444,23.88888889,26.66666667,0,,45,11,29,0,33,22,85,75,80,0,0,,,,,7.3,,,,,,
20602,16771,0,33.336,30,25.55555556,27.77777778,0,,45,11,30,0,54,18,86,78,82,0,0,,,,,15.6,,,,,,
20602,16772,2.032,40.744,29.44444444,25.55555556,27.77777778,0,,45,12,1,0.08,55,22,85,78,82,0,0,,,,,9.1,,,,,,
20602,16773,T,27.78,30.55555556,25.55555556,28.33333333,0,,45,12,2,T,33,15,87,78,83,0,0,,,,,23.3,,,,,,
20602,16774,4.064,42.596,30,25,27.77777778,0,,45,12,3,0.16,44,23,86,77,82,0,0,,,,,1.9,,,,,,
20602,16775,109.982,42.596,26.66666667,23.33333333,25,0,,45,12,4,4.33,54,23,80,74,77,0,0,,,,,12.4,,,,,,
20602,16776,14.986,40.744,29.44444444,23.33333333,26.66666667,0,,45,12,5,0.59,54,22,85,74,80,0,0,,,,,11.3,,,,,,
20602,16777,0,37.04,29.44444444,25.55555556,27.77777778,0,,45,12,6,0,44,20,85,78,82,0,0,,,,,10.8,,,,,,
20602,16778,0,33.336,29.44444444,26.11111111,27.77777778,0,,45,12,7,0,44,18,85,79,82,0,0,,,,,9.5,,,,,,
20602,16779,0,33.336,30,26.11111111,28.33333333,0,,45,12,8,0,33,18,86,79,83,0,0,,,,,22.2,,,,,,
20602,16780,14.986,48.152,28.88888889,23.88888889,26.66666667,0,,45,12,9,0.59,55,26,84,75,80,0,0,,,,,9.5,,,,,,
20602,16781,T,35.188,29.44444444,25.55555556,27.77777778,0,,45,12,10,T,44,19,85,78,82,0,0,,,,,7.6,,,,,,
20602,16782,5.842,37.04,30,24.44444444,27.22222222,0,,45,12,11,0.23,44,20,86,76,81,0,0,,,,,15,,,,,,
20602,16783,92.202,35.188,25.55555556,23.88888889,25,0,,45,12,12,3.63,32,19,78,75,77,0,0,,,,,23.3,,,,,,
20602,16784,54.864,44.448,27.77777778,23.33333333,25.55555556,0,,45,12,13,2.16,44,24,82,74,78,0,0,,,,,8.7,,,,,,
20602,16785,11.176,53.708,28.88888889,23.88888889,26.66666667,0,,45,12,14,0.44,33,29,84,75,80,0,0,,,,,20.5,,,,,,
20602,16786,4.064,50.004,28.33333333,23.33333333,26.11111111,0,,45,12,15,0.16,34,27,83,74,79,0,0,,,,,0.3,,,,,,
20602,16787,0,51.856,28.33333333,25,26.66666667,0,,45,12,16,0,33,28,83,77,80,0,0,,,,,19,,,,,,
20602,16788,8.128,57.412,27.77777778,23.88888889,26.11111111,0,,45,12,17,0.32,33,31,82,75,79,0,0,,,,,10.3,,,,,,
20602,16789,74.676,61.116,26.11111111,22.77777778,24.44444444,0,,45,12,18,2.94,33,33,79,73,76,0,0,,,,,0.2,,,,,,
20602,16791,22.352,44.448,26.66666667,23.88888889,25.55555556,0,,45,12,20,0.88,44,24,80,75,78,0,0,,,,,19.4,,,,,,
20602,16792,0,40.744,29.44444444,26.11111111,27.77777778,0,,45,12,21,0,44,22,85,79,82,0,0,,,,,22.9,,,,,,
20602,16793,48.26,51.856,29.44444444,23.33333333,26.66666667,0,,45,12,22,1.9,33,28,85,74,80,0,0,,,,,21.3,,,,,,
20602,16794,25.4,59.264,26.11111111,23.33333333,25,0,,45,12,23,1,33,32,79,74,77,0,0,,,,,17.7,,,,,,
20602,16796,50.038,57.412,29.44444444,23.33333333,26.66666667,0,,45,12,25,1.97,33,31,85,74,80,0,0,,,,,19.7,,,,,,
20602,16797,16.002,48.152,28.88888889,23.33333333,26.11111111,0,,45,12,26,0.63,33,26,84,74,79,0,0,,,,,18.1,,,,,,
20602,16798,47.498,66.672,28.33333333,22.77777778,25.55555556,0,,45,12,27,1.87,33,36,83,73,78,0,0,,,,,7,,,,,,
20602,16799,25.654,51.856,26.66666667,22.77777778,25,0,,45,12,28,1.01,34,28,80,73,77,0,0,,,,,16.2,,,,,,
20602,16800,0,40.744,29.44444444,25.55555556,27.77777778,0,,45,12,29,0,22,22,85,78,82,0,0,,,,,4.6,,,,,,
20602,16801,0,40.744,28.33333333,24.44444444,26.66666667,0,,45,12,30,0,22,22,83,76,80,0,0,,,,,23,,,,,,
20602,16802,T,44.448,28.88888889,25.55555556,27.22222222,0,,45,12,31,T,32,24,84,78,81,0,0,,,,,8.3,,,,,,
31302,16470,T,37.04,21.66666667,9.444444444,15.55555556,0,1,45,2,2,T,7,20,71,49,60,0,0,,,,,14.5,1,,,,,
31302,16471,T,22.224,22.77777778,7.777777778,15.55555556,0,1001,45,2,3,T,9,12,73,46,60,0,0,,,,,12.5,1001,,,,,
31302,16472,0,20.372,25,7.222222222,16.11111111,0,1,45,2,4,0,7,11,77,45,61,0,0,,,,,12.5,1,,,,,
31302,16473,0,27.78,25,6.666666667,16.11111111,0,1,45,2,5,0,29,15,77,44,61,0,0,,,,,15,1,,,,,
31302,16475,0,29.632,22.77777778,7.222222222,15,0,0,45,2,7,0,27,16,73,45,59,0,0,,,,,,0,,,,,
31302,16476,0,29.632,23.33333333,6.111111111,15,0,0,45,2,8,0,25,16,74,43,59,0,0,,,,,13.5,0,,,,,
31302,16477,0,24.076,22.77777778,7.222222222,15,0,0,45,2,9,0,25,13,73,45,59,0,0,,,,,12.5,0,,,,,
31302,16478,0,18.52,25.55555556,5.555555556,15.55555556,0,0,45,2,10,0,29,10,78,42,60,0,0,,,,,14.5,0,,,,,
31302,16480,0,29.632,25,8.888888889,17.22222222,0,0,45,2,12,0,7,16,77,48,63,0,0,,,,,14.5,0,,,,,
31302,16483,0,27.78,23.88888889,7.777777778,16.11111111,0,0,45,2,15,0,9,15,75,46,61,0,0,,,,,14,0,,,,,
31302,16484,0,29.632,25,7.222222222,16.11111111,0,0,45,2,16,0,7,16,77,45,61,0,0,,,,,12.5,0,,,,,
31302,16485,0,24.076,23.88888889,7.222222222,15.55555556,0,0,45,2,17,0,7,13,75,45,60,0,0,,,,,11.5,0,,,,,
31302,16486,0,27.78,26.11111111,6.666666667,16.66666667,0,1,45,2,18,0,7,15,79,44,62,0,0,,,,,20.5,1,,,,,
31302,16487,0,37.04,21.11111111,8.333333333,15,0,1,45,2,19,0,7,20,70,47,59,0,0,,,,,14,1,,,,,
31302,16490,0,29.632,27.22222222,7.777777778,17.77777778,0,0,45,2,22,0,7,16,81,46,64,0,0,,,,,15,0,,,,,
31302,16491,0,33.336,27.77777778,8.888888889,18.33333333,0,0,45,2,23,0,9,18,82,48,65,0,0,,,,,12.5,0,,,,,
31302,16492,0,37.04,23.33333333,8.333333333,16.11111111,0,0,45,2,24,0,7,20,74,47,61,0,0,,,,,20,0,,,,,
31302,16493,0,44.448,21.66666667,6.666666667,14.44444444,0,1,45,2,25,0,9,24,71,44,58,0,0,,,,,7,1,,,,,
31302,16494,0,29.632,25,6.666666667,16.11111111,0,0,45,2,26,0,7,16,77,44,61,0,0,,,,,11.5,0,,,,,
31302,16495,0,22.224,25.55555556,3.888888889,15,0,0,45,2,27,0,7,12,78,39,59,0,0,,,,,13.5,0,,,,,
31302,16496,0,33.336,26.11111111,10,18.33333333,0,0,45,2,28,0,7,18,79,50,65,0,0,,,,,13,0,,,,,
31302,16497,0,33.336,23.88888889,10,17.22222222,0,0,45,3,1,0,7,18,75,50,63,0,0,,,,,,0,,,,,
31302,16498,0,37.04,23.88888889,10,17.22222222,0,0,45,3,2,0,7,20,75,50,63,0,0,,,,,,0,,,,,
31302,16499,0,29.632,27.22222222,10,18.88888889,0,0,45,3,3,0,7,16,81,50,66,0,0,,,,,14.5,0,,,,,
31302,16500,0,31.484,28.33333333,8.888888889,18.88888889,0,0,45,3,4,0,9,17,83,48,66,0,0,,,,,13.5,0,,,,,
31302,16501,0,37.04,28.88888889,8.888888889,18.88888889,0,0,45,3,5,0,5,20,84,48,66,0,0,,,,,14,0,,,,,
31302,16502,0,37.04,25.55555556,8.888888889,17.22222222,0,0,45,3,6,0,9,20,78,48,63,0,0,,,,,6.5,0,,,,,
31302,16505,0,44.448,24.44444444,6.666666667,15.55555556,0,0,45,3,9,0,7,24,76,44,60,0,0,,,,,15,0,,,,,
31302,16506,0,27.78,25,8.888888889,17.22222222,0,0,45,3,10,0,14,15,77,48,63,0,0,,,,,7.5,0,,,,,
31302,16508,0,37.04,24.44444444,7.222222222,16.11111111,0,0,45,3,12,0,7,20,76,45,61,0,0,,,,,9,0,,,,,
31302,16509,T,37.04,25,6.666666667,16.11111111,0,1001,45,3,13,T,16,20,77,44,61,0,0,,,,,9,1001,,,,,
31302,16510,0,33.336,26.66666667,9.444444444,18.33333333,0,1,45,3,14,0,7,18,80,49,65,0,0,,,,,12,1,,,,,
31302,16511,0,29.632,25.55555556,7.777777778,16.66666667,0,1,45,3,15,0,7,16,78,46,62,0,0,,,,,12,1,,,,,
31302,16512,0,27.78,27.77777778,8.888888889,18.33333333,0,0,45,3,16,0,11,15,82,48,65,0,0,,,,,,0,,,,,
31302,16513,0,33.336,24.44444444,8.333333333,16.66666667,0,1,45,3,17,0,5,18,76,47,62,0,0,,,,,15.5,1,,,,,
31302,16514,0,27.78,25.55555556,7.777777778,16.66666667,0,0,45,3,18,0,16,15,78,46,62,0,0,,,,,7.5,0,,,,,
31302,16515,0,40.744,27.22222222,10,18.88888889,0,0,45,3,19,0,7,22,81,50,66,0,0,,,,,14.5,0,,,,,
31302,16516,0,31.484,27.22222222,10,18.88888889,0,0,45,3,20,0,16,17,81,50,66,0,0,,,,,7,0,,,,,
31302,16517,0,35.188,26.66666667,10,18.33333333,0,1,45,3,21,0,16,19,80,50,65,0,0,,,,,8.5,1,,,,,
31302,16518,1.016,37.04,26.11111111,9.444444444,17.77777778,0,1000001001,45,3,22,0.04,20,20,79,49,64,0,0,,,,,19.5,1000001001,,,,,
31302,16519,1.27,44.448,25.55555556,10,17.77777778,0,1000001000,45,3,23,0.05,16,24,78,50,64,0,0,,,,,14,1000001000,,,,,
31302,16520,0,20.372,25,10,17.77777778,0,0,45,3,24,0,9,11,77,50,64,0,0,,,,,12.5,0,,,,,
31302,16521,1.016,29.632,23.33333333,10.55555556,17.22222222,0,1000001000,45,3,25,0.04,14,16,74,51,63,0,0,,,,,12.5,1000001000,,,,,
31302,16522,0.508,29.632,22.77777778,11.66666667,17.22222222,0,1000,45,3,26,0.02,16,16,73,53,63,0,0,,,,,10.5,1000,,,,,
31302,16523,0.762,24.076,23.88888889,10,17.22222222,0,1000,45,3,27,0.03,9,13,75,50,63,0,0,,,,,13.5,1000,,,,,
31302,16524,0,24.076,24.44444444,8.333333333,16.66666667,0,0,45,3,28,0,5,13,76,47,62,0,0,,,,,14.5,0,,,,,
31302,16525,0,29.632,26.11111111,7.777777778,17.22222222,0,0,45,3,29,0,25,16,79,46,63,0,0,,,,,11.5,0,,,,,
31302,16526,0,29.632,26.11111111,8.888888889,17.77777778,0,0,45,3,30,0,27,16,79,48,64,0,0,,,,,12.5,0,,,,,
31302,16527,0,40.744,26.66666667,8.888888889,17.77777778,0,0,45,3,31,0,25,22,80,48,64,0,0,,,,,11.5,0,,,,,
31302,16528,0,40.744,25.55555556,8.888888889,17.22222222,0,0,45,4,1,0,27,22,78,48,63,0,0,,,,,10,0,,,,,
31302,16529,0,33.336,26.11111111,8.333333333,17.22222222,0,0,45,4,2,0,29,18,79,47,63,0,0,,,,,15,0,,,,,
31302,16530,0,27.78,25.55555556,7.777777778,16.66666667,0,0,45,4,3,0,27,15,78,46,62,0,0,,,,,11,0,,,,,
31302,16531,0,24.076,27.22222222,8.333333333,17.77777778,0,0,45,4,4,0,9,13,81,47,64,0,0,,,,,15,0,,,,,
31302,16532,0,29.632,27.22222222,11.11111111,19.44444444,0,0,45,4,5,0,9,16,81,52,67,0,0,,,,,,0,,,,,
31302,16533,0,31.484,28.33333333,11.66666667,20,0,0,45,4,6,0,9,17,83,53,68,0,0,,,,,12,0,,,,,
31302,16534,0,29.632,30,12.22222222,21.11111111,0,0,45,4,7,0,16,16,86,54,70,0,0,,,,,7.5,0,,,,,
31302,16535,0,25.928,30,10.55555556,20.55555556,0,0,45,4,8,0,9,14,86,51,69,0,0,,,,,14.5,0,,,,,
31302,16536,T,37.04,29.44444444,11.11111111,20.55555556,0,1000,45,4,9,T,7,20,85,52,69,0,0,,,,,11.5,1000,,,,,
31302,16537,22.86,27.78,27.77777778,12.22222222,20,0,1010001000,45,4,10,0.9,29,15,82,54,68,0,0,,,,,16,1010001000,,,,,
31302,16538,3.556,38.892,26.11111111,11.11111111,18.88888889,0,1000001000,45,4,11,0.14,16,21,79,52,66,0,0,,,,,,1000001000,,,,,
31302,16539,T,25.928,26.11111111,12.22222222,19.44444444,0,1000001000,45,4,12,T,25,14,79,54,67,0,0,,,,,12,1000001000,,,,,
31302,16540,6.858,29.632,25,10.55555556,17.77777778,0,1000001000,45,4,13,0.27,5,16,77,51,64,0,0,,,,,,1000001000,,,,,
31302,16541,0.254,29.632,17.77777778,10.55555556,14.44444444,0,1001,45,4,14,0.01,9,16,64,51,58,0,0,,,,,10.5,1001,,,,,
31302,16542,2.286,33.336,25.55555556,9.444444444,17.77777778,0,1000001000,45,4,15,0.09,25,18,78,49,64,0,0,,,,,12.5,1000001000,,,,,
31302,16543,0,29.632,25,9.444444444,17.22222222,0,0,45,4,16,0,7,16,77,49,63,0,0,,,,,14.5,0,,,,,
31302,16544,0,44.448,27.22222222,11.11111111,19.44444444,0,0,45,4,17,0,16,24,81,52,67,0,0,,,,,7,0,,,,,
31302,16545,0,27.78,27.77777778,11.11111111,19.44444444,0,0,45,4,18,0,16,15,82,52,67,0,0,,,,,6,0,,,,,
31302,16546,T,27.78,27.22222222,10.55555556,18.88888889,0,1000001000,45,4,19,T,7,15,81,51,66,0,0,,,,,12.5,1000001000,,,,,
31302,16547,0,29.632,27.77777778,11.11111111,19.44444444,0,0,45,4,20,0,11,16,82,52,67,0,0,,,,,14.5,0,,,,,
31302,16548,0,31.484,27.22222222,12.22222222,20,0,0,45,4,21,0,7,17,81,54,68,0,0,,,,,14,0,,,,,
31302,16549,0,35.188,25.55555556,9.444444444,17.77777778,0,1,45,4,22,0,7,19,78,49,64,0,0,,,,,14,1,,,,,
31302,16550,0,31.484,25.55555556,11.66666667,18.88888889,0,0,45,4,23,0,11,17,78,53,66,0,0,,,,,13.5,0,,,,,
31302,16551,0,31.484,26.66666667,10.55555556,18.88888889,0,0,45,4,24,0,11,17,80,51,66,0,0,,,,,8,0,,,,,
31302,16552,T,38.892,27.22222222,11.66666667,19.44444444,0,1000,45,4,25,T,16,21,81,53,67,0,0,,,,,6.5,1000,,,,,
31302,16553,0,35.188,27.77777778,9.444444444,18.88888889,0,0,45,4,26,0,16,19,82,49,66,0,0,,,,,,0,,,,,
31302,16554,0,27.78,28.33333333,11.11111111,20,0,0,45,4,27,0,16,15,83,52,68,0,0,,,,,6.5,0,,,,,
31302,16555,T,29.632,26.66666667,10.55555556,18.88888889,0,1000,45,4,28,T,2,16,80,51,66,0,0,,,,,13.5,1000,,,,,
31302,16556,0,29.632,27.22222222,12.22222222,20,0,0,45,4,29,0,7,16,81,54,68,0,0,,,,,21,0,,,,,
31302,16557,T,29.632,27.22222222,11.66666667,19.44444444,0,1000,45,4,30,T,7,16,81,53,67,0,0,,,,,14,1000,,,,,
31302,16558,T,31.484,28.33333333,11.66666667,20,0,1000,45,5,1,T,7,17,83,53,68,0,0,,,,,13,1000,,,,,
31302,16559,0,24.076,26.11111111,12.77777778,19.44444444,0,1000000000,45,5,2,0,7,13,79,55,67,0,0,,,,,14.5,1000000000,,,,,
31302,16561,1.27,27.78,24.44444444,12.77777778,18.88888889,0,1000001000,45,5,4,0.05,5,15,76,55,66,0,0,,,,,11,1000001000,,,,,
31302,16562,3.81,31.484,26.66666667,10,18.33333333,0,1010001000,45,5,5,0.15,5,17,80,50,65,0,0,,,,,12.5,1010001000,,,,,
31302,16563,0.762,27.78,23.88888889,10.55555556,17.22222222,0,1000001000,45,5,6,0.03,5,15,75,51,63,0,0,,,,,9.5,1000001000,,,,,
31302,16564,T,27.78,23.88888889,8.888888889,16.66666667,0,1000001000,45,5,7,T,5,15,75,48,62,0,0,,,,,12.5,1000001000,,,,,
31302,16565,1.016,29.632,25.55555556,8.888888889,17.22222222,0,1000001000,45,5,8,0.04,7,16,78,48,63,0,0,,,,,15,1000001000,,,,,
31302,16566,T,27.78,26.66666667,8.333333333,17.77777778,0,1000001000,45,5,9,T,5,15,80,47,64,0,0,,,,,13.5,1000001000,,,,,
31302,16567,16.764,22.224,21.66666667,8.888888889,15.55555556,0,1000001000,45,5,10,0.66,2,12,71,48,60,0,0,,,,,10.5,1000001000,,,,,
31302,16568,25.654,22.224,23.88888889,10,17.22222222,0,1010001001,45,5,11,1.01,5,12,75,50,63,0,0,,,,,11.5,1010001001,,,,,
31302,16569,0.508,27.78,22.77777778,11.11111111,17.22222222,0,1000001001,45,5,12,0.02,7,15,73,52,63,0,0,,,,,14.5,1000001001,,,,,
31302,16570,T,35.188,23.88888889,8.888888889,16.66666667,0,1000001000,45,5,13,T,9,19,75,48,62,0,0,,,,,11.5,1000001000,,,,,
31401,16469,T,37.04,28.33333333,23.33333333,26.11111111,0,1000,45,2,1,T,7,20,83,74,79,0,0,,,,,10.5,1000,,,,,
31401,16470,2.794,27.78,26.66666667,22.77777778,25,0,1000,45,2,2,0.11,11,15,80,73,77,0,0,,,,,11,1000,,,,,
31401,16471,0.762,22.224,27.22222222,21.66666667,24.44444444,0,1000,45,2,3,0.03,14,12,81,71,76,0,0,,,,,12,1000,,,,,
31401,16472,0.254,31.484,28.88888889,22.22222222,25.55555556,0,1000,45,2,4,0.01,14,17,84,72,78,0,0,,,,,11,1000,,,,,
31401,16473,0.254,35.188,28.33333333,22.22222222,25.55555556,0,1000,45,2,5,0.01,7,19,83,72,78,0,0,,,,,7,1000,,,,,
31401,16474,0,31.484,28.88888889,21.11111111,25,0,0,45,2,6,0,14,17,84,70,77,0,0,,,,,10,0,,,,,
31401,16475,0,35.188,28.33333333,23.33333333,26.11111111,0,0,45,2,7,0,11,19,83,74,79,0,0,,,,,13.5,0,,,,,
31401,16476,0,27.78,28.88888889,21.11111111,25,0,0,45,2,8,0,11,15,84,70,77,0,0,,,,,9.5,0,,,,,
31401,16477,T,25.928,28.88888889,20,24.44444444,0,1000,45,2,9,T,11,14,84,68,76,0,0,,,,,8,1000,,,,,
31401,16478,0,18.52,29.44444444,23.33333333,26.66666667,0,0,45,2,10,0,11,10,85,74,80,0,0,,,,,14,0,,,,,
31401,16479,0,27.78,30,21.66666667,26.11111111,0,0,45,2,11,0,14,15,86,71,79,0,0,,,,,10,0,,,,,
31401,16480,0,29.632,29.44444444,24.44444444,27.22222222,0,0,45,2,12,0,14,16,85,76,81,0,0,,,,,12,0,,,,,
31401,16481,0,33.336,28.88888889,21.66666667,25.55555556,0,0,45,2,13,0,7,18,84,71,78,0,0,,,,,10,0,,,,,
31401,16482,0,29.632,28.88888889,20,24.44444444,0,0,45,2,14,0,7,16,84,68,76,0,0,,,,,6.5,0,,,,,
31401,16483,0,22.224,30,20.55555556,25.55555556,0,0,45,2,15,0,16,12,86,69,78,0,0,,,,,11,0,,,,,
31401,16484,0,25.928,28.88888889,20,24.44444444,0,0,45,2,16,0,14,14,84,68,76,0,0,,,,,12,0,,,,,
31401,16485,0,40.744,28.88888889,20.55555556,25,0,100000,45,2,17,0,9,22,84,69,77,0,0,,,,,9.5,100000,,,,,
31401,16486,0,31.484,28.88888889,24.44444444,26.66666667,0,100000,45,2,18,0,14,17,84,76,80,0,0,,,,,9.5,100000,,,,,
31401,16487,0,29.632,28.33333333,21.11111111,25,0,100000,45,2,19,0,11,16,83,70,77,0,0,,,,,12.5,100000,,,,,
31401,16488,T,31.484,28.33333333,22.22222222,25.55555556,0,1000,45,2,20,T,14,17,83,72,78,0,0,,,,,10.5,1000,,,,,
31401,16489,0,44.448,28.88888889,23.33333333,26.11111111,0,0,45,2,21,0,11,24,84,74,79,0,0,,,,,11,0,,,,,
31401,16490,T,31.484,28.88888889,23.88888889,26.66666667,0,1000,45,2,22,T,14,17,84,75,80,0,0,,,,,12,1000,,,,,
31401,16491,T,29.632,29.44444444,22.77777778,26.11111111,0,1000,45,2,23,T,11,16,85,73,79,0,0,,,,,11.5,1000,,,,,
31401,16492,0.762,31.484,30,22.77777778,26.66666667,0,1000,45,2,24,0.03,14,17,86,73,80,0,0,,,,,8.5,1000,,,,,
31401,16493,0,27.78,30.55555556,21.11111111,26.11111111,0,0,45,2,25,0,14,15,87,70,79,0,0,,,,,9,0,,,,,
31401,16494,0,27.78,30,22.22222222,26.11111111,0,0,45,2,26,0,14,15,86,72,79,0,0,,,,,12,0,,,,,
31401,16495,0,25.928,30.55555556,20.55555556,25.55555556,0,0,45,2,27,0,18,14,87,69,78,0,0,,,,,10,0,,,,,
31401,16496,0,27.78,30.55555556,20.55555556,25.55555556,0,0,45,2,28,0,14,15,87,69,78,0,0,,,,,9,0,,,,,
31401,16497,0,24.076,30,21.11111111,25.55555556,0,0,45,3,1,0,14,13,86,70,78,0,0,,,,,14.5,0,,,,,
31401,16498,0,31.484,30,21.66666667,26.11111111,0,0,45,3,2,0,11,17,86,71,79,0,0,,,,,11.5,0,,,,,
31401,16499,0,40.744,30,23.88888889,27.22222222,0,1100000,45,3,3,0,7,22,86,75,81,0,0,,,,,8.5,1100000,,,,,
31401,16500,0,44.448,28.88888889,21.11111111,25,0,1100000,45,3,4,0,7,24,84,70,77,0,0,,,,,5.6,1100000,,,,,
31401,16501,0,35.188,29.44444444,23.88888889,26.66666667,0,100000,45,3,5,0,9,19,85,75,80,0,0,,,,,9,100000,,,,,
31401,16502,0,37.04,29.44444444,24.44444444,27.22222222,0,0,45,3,6,0,7,20,85,76,81,0,0,,,,,6.5,0,,,,,
31401,16503,0,37.04,28.88888889,24.44444444,26.66666667,0,0,45,3,7,0,7,20,84,76,80,0,0,,,,,8,0,,,,,
31401,16504,0,27.78,28.88888889,22.77777778,26.11111111,0,0,45,3,8,0,9,15,84,73,79,0,0,,,,,7.5,0,,,,,
31401,16505,0,29.632,28.88888889,21.11111111,25,0,0,45,3,9,0,11,16,84,70,77,0,0,,,,,11,0,,,,,
31401,16506,0,29.632,28.33333333,20.55555556,24.44444444,0,0,45,3,10,0,9,16,83,69,76,0,0,,,,,11.5,0,,,,,
31401,16507,0,22.224,30.55555556,19.44444444,25,0,0,45,3,11,0,16,12,87,67,77,0,0,,,,,10,0,,,,,
31401,16508,0,24.076,32.22222222,18.33333333,25.55555556,0,0,45,3,12,0,14,13,90,65,78,0,0,,,,,13,0,,,,,
31401,16509,0,22.224,33.33333333,16.66666667,25,0,0,45,3,13,0,16,12,92,62,77,0,0,,,,,11.5,0,,,,,
31401,16510,0,27.78,33.33333333,16.66666667,25,0,0,45,3,14,0,11,15,92,62,77,0,0,,,,,9.5,0,,,,,
31401,16511,0,27.78,32.22222222,17.77777778,25,0,0,45,3,15,0,11,15,90,64,77,0,0,,,,,13,0,,,,,
31401,16512,0,31.484,31.66666667,16.11111111,23.88888889,0,0,45,3,16,0,7,17,89,61,75,0,0,,,,,7.5,0,,,,,
31401,16513,0,33.336,31.11111111,18.88888889,25,0,0,45,3,17,0,11,18,88,66,77,0,0,,,,,11,0,,,,,
31401,16514,0,29.632,31.11111111,17.77777778,24.44444444,0,0,45,3,18,0,14,16,88,64,76,0,0,,,,,10,0,,,,,
31401,16515,0,27.78,32.22222222,17.77777778,25,0,0,45,3,19,0,14,15,90,64,77,0,0,,,,,11.5,0,,,,,
31401,16516,0,31.484,33.33333333,17.22222222,25.55555556,0,0,45,3,20,0,7,17,92,63,78,0,0,,,,,7.5,0,,,,,
31401,16517,0,35.188,32.22222222,17.22222222,25,0,0,45,3,21,0,7,19,90,63,77,0,0,,,,,7,0,,,,,
31401,16518,0,33.336,30,20,25,0,0,45,3,22,0,9,18,86,68,77,0,0,,,,,6,0,,,,,
31401,16519,0,37.04,30,20,25,0,0,45,3,23,0,9,20,86,68,77,0,0,,,,,9,0,,,,,
31401,16520,0,40.744,30.55555556,21.66666667,26.11111111,0,0,45,3,24,0,9,22,87,71,79,0,0,,,,,8,0,,,,,
31401,16521,0,38.892,31.66666667,20.55555556,26.11111111,0,0,45,3,25,0,9,21,89,69,79,0,0,,,,,9,0,,,,,
31401,16522,0,33.336,31.11111111,20.55555556,26.11111111,0,0,45,3,26,0,9,18,88,69,79,0,0,,,,,12,0,,,,,
31401,16523,0,24.076,30.55555556,20.55555556,25.55555556,0,0,45,3,27,0,11,13,87,69,78,0,0,,,,,9,0,,,,,
31401,16524,0,24.076,31.11111111,21.11111111,26.11111111,0,0,45,3,28,0,18,13,88,70,79,0,0,,,,,9,0,,,,,
31401,16525,0,20.372,31.11111111,21.11111111,26.11111111,0,0,45,3,29,0,18,11,88,70,79,0,0,,,,,11,0,,,,,
31401,16526,0,31.484,32.22222222,23.33333333,27.77777778,0,0,45,3,30,0,7,17,90,74,82,0,0,,,,,21,0,,,,,
31401,16527,0,46.3,30,25.55555556,27.77777778,0,100000,45,3,31,0,9,25,86,78,82,0,0,,,,,4.3,100000,,,,,
31401,16528,0,42.596,31.11111111,25.55555556,28.33333333,0,100000,45,4,1,0,9,23,88,78,83,0,0,,,,,10.5,100000,,,,,
31401,16529,0,40.744,30,23.88888889,27.22222222,0,0,45,4,2,0,7,22,86,75,81,0,0,,,,,9.5,0,,,,,
31401,16530,0,27.78,30.55555556,25.55555556,28.33333333,0,0,45,4,3,0,9,15,87,78,83,0,0,,,,,11,0,,,,,
31401,16531,0,22.224,31.66666667,25.55555556,28.88888889,0,0,45,4,4,0,16,12,89,78,84,0,0,,,,,11,0,,,,,
31401,16532,T,24.076,32.22222222,25.55555556,28.88888889,0,1000,45,4,5,T,16,13,90,78,84,0,0,,,,,8,1000,,,,,
31401,16533,2.54,24.076,31.66666667,25,28.33333333,0,1001,45,4,6,0.1,11,13,89,77,83,0,0,,,,,12.5,1001,,,,,
31401,16534,0,31.484,31.11111111,22.22222222,26.66666667,0,0,45,4,7,0,9,17,88,72,80,0,0,,,,,7,0,,,,,
31401,16535,0,40.744,31.11111111,22.22222222,26.66666667,0,0,45,4,8,0,7,22,88,72,80,0,0,,,,,8,0,,,,,
31401,16536,0,38.892,30.55555556,21.66666667,26.11111111,0,100000,45,4,9,0,9,21,87,71,79,0,0,,,,,9,100000,,,,,
31401,16537,0,37.04,30.55555556,22.22222222,26.66666667,0,0,45,4,10,0,7,20,87,72,80,0,0,,,,,6,0,,,,,
31401,16538,0,37.04,30.55555556,24.44444444,27.77777778,0,0,45,4,11,0,7,20,87,76,82,0,0,,,,,5,0,,,,,
31401,16539,0,40.744,31.11111111,25.55555556,28.33333333,0,0,45,4,12,0,9,22,88,78,83,0,0,,,,,10,0,,,,,
31401,16540,0,37.04,31.11111111,26.11111111,28.88888889,0,0,45,4,13,0,14,20,88,79,84,0,0,,,,,11,0,,,,,
31401,16541,0,35.188,31.11111111,25,28.33333333,0,0,45,4,14,0,9,19,88,77,83,0,0,,,,,9.5,0,,,,,
31401,16542,0,29.632,31.66666667,21.66666667,26.66666667,0,0,45,4,15,0,11,16,89,71,80,0,0,,,,,12,0,,,,,
31401,16543,0,24.076,31.66666667,21.66666667,26.66666667,0,0,45,4,16,0,14,13,89,71,80,0,0,,,,,9.5,0,,,,,
31401,16544,0,25.928,33.33333333,20.55555556,27.22222222,0,0,45,4,17,0,18,14,92,69,81,0,0,,,,,12,0,,,,,
31401,16545,0,29.632,33.33333333,22.22222222,27.77777778,0,1,45,4,18,0,9,16,92,72,82,0,0,,,,,8,1,,,,,
31401,16546,0,29.632,31.11111111,21.66666667,26.66666667,0,0,45,4,19,0,9,16,88,71,80,0,0,,,,,8,0,,,,,
31401,16547,0,27.78,31.66666667,21.66666667,26.66666667,0,0,45,4,20,0,11,15,89,71,80,0,0,,,,,9.5,0,,,,,
31401,16548,0,29.632,31.66666667,21.66666667,26.66666667,0,0,45,4,21,0,11,16,89,71,80,0,0,,,,,12,0,,,,,
31401,16549,0,27.78,32.77777778,22.22222222,27.77777778,0,0,45,4,22,0,16,15,91,72,82,0,0,,,,,10,0,,,,,
31401,16550,0,31.484,32.22222222,22.77777778,27.77777778,0,1,45,4,23,0,18,17,90,73,82,0,0,,,,,10,1,,,,,
31401,16551,0,25.928,33.33333333,22.77777778,28.33333333,0,1,45,4,24,0,18,14,92,73,83,0,0,,,,,12,1,,,,,
31401,16552,0,29.632,32.22222222,22.77777778,27.77777778,0,0,45,4,25,0,11,16,90,73,82,0,0,,,,,12,0,,,,,
31401,16553,0,25.928,34.44444444,22.77777778,28.88888889,0,0,45,4,26,0,9,14,94,73,84,0,0,,,,,14,0,,,,,
31401,16554,0,27.78,33.33333333,22.22222222,27.77777778,0,0,45,4,27,0,11,15,92,72,82,0,0,,,,,9.5,0,,,,,
31401,16555,0,29.632,35,21.11111111,28.33333333,0,0,45,4,28,0,14,16,95,70,83,0,0,,,,,12,0,,,,,
31401,16556,0,33.336,33.88888889,21.66666667,27.77777778,0,0,45,4,29,0,14,18,93,71,82,0,0,,,,,12,0,,,,,
31401,16557,0,29.632,35.55555556,20.55555556,28.33333333,0,0,45,4,30,0,14,16,96,69,83,0,0,,,,,11,0,,,,,
31401,16558,0,27.78,37.22222222,20.55555556,28.88888889,0,0,45,5,1,0,14,15,99,69,84,0,0,,,,,10.5,0,,,,,
31401,16559,0,37.04,34.44444444,22.77777778,28.88888889,0,0,45,5,2,0,9,20,94,73,84,0,0,,,,,10,0,,,,,
31401,16560,0,37.04,32.77777778,23.33333333,28.33333333,0,0,45,5,3,0,9,20,91,74,83,0,0,,,,,13,0,,,,,
31401,16561,0,37.04,31.66666667,25,28.33333333,0,0,45,5,4,0,11,20,89,77,83,0,0,,,,,9,0,,,,,
31401,16562,0,33.336,31.66666667,24.44444444,28.33333333,0,0,45,5,5,0,11,18,89,76,83,0,0,,,,,8,0,,,,,
31401,16563,0,31.484,31.66666667,26.66666667,29.44444444,0,0,45,5,6,0,7,17,89,80,85,0,0,,,,,8.5,0,,,,,
31401,16564,0,29.632,32.22222222,25.55555556,28.88888889,0,0,45,5,7,0,9,16,90,78,84,0,0,,,,,6,0,,,,,
31401,16565,0,37.04,32.22222222,23.88888889,28.33333333,0,0,45,5,8,0,9,20,90,75,83,0,0,,,,,11.5,0,,,,,
31401,16566,0,37.04,32.22222222,23.33333333,27.77777778,0,0,45,5,9,0,7,20,90,74,82,0,0,,,,,6.5,0,,,,,
31401,16567,0,29.632,35,24.44444444,30,0,0,45,5,10,0,11,16,95,76,86,0,0,,,,,10.5,0,,,,,
31401,16568,0,31.484,33.88888889,23.88888889,28.88888889,0,0,45,5,11,0,14,17,93,75,84,0,0,,,,,9,0,,,,,
31401,16569,0,27.78,32.77777778,23.33333333,28.33333333,0,0,45,5,12,0,11,15,91,74,83,0,0,,,,,10,0,,,,,
31401,16570,0,24.076,33.33333333,23.88888889,28.88888889,0,0,45,5,13,0,9,13,92,75,84,0,0,,,,,11.5,0,,,,,
31401,16571,0,31.484,32.77777778,25.55555556,29.44444444,0,0,45,5,14,0,11,17,91,78,85,0,0,,,,,9.5,0,,,,,
31401,16572,0,37.04,33.33333333,25,29.44444444,0,0,45,5,15,0,7,20,92,77,85,0,0,,,,,5.5,0,,,,,
31401,16573,0,37.04,32.77777778,25.55555556,29.44444444,0,0,45,5,16,0,7,20,91,78,85,0,0,,,,,7,0,,,,,
31401,16574,0,31.484,33.33333333,28.33333333,31.11111111,0,0,45,5,17,0,11,17,92,83,88,0,0,,,,,13.5,0,,,,,
31401,16575,0,27.78,32.77777778,27.22222222,30,0,0,45,5,18,0,9,15,91,81,86,0,0,,,,,0,0,,,,,
31401,16576,0,31.484,33.88888889,26.11111111,30,0,0,45,5,19,0,14,17,93,79,86,0,0,,,,,12.5,0,,,,,
31401,16578,0,33.336,35,26.66666667,31.11111111,0,0,45,5,21,0,14,18,95,80,88,0,0,,,,,13.5,0,,,,,
31401,16579,0,27.78,35,25.55555556,30.55555556,0,0,45,5,22,0,18,15,95,78,87,0,0,,,,,11,0,,,,,
31401,16580,0,27.78,35,23.88888889,29.44444444,0,0,45,5,23,0,23,15,95,75,85,0,0,,,,,12,0,,,,,
31401,16581,0,25.928,36.11111111,23.33333333,30,0,0,45,5,24,0,18,14,97,74,86,0,0,,,,,9,0,,,,,
31401,16582,0,27.78,37.77777778,23.33333333,30.55555556,0,0,45,5,25,0,16,15,100,74,87,0,0,,,,,10.5,0,,,,,
31401,16583,0,27.78,35.55555556,22.77777778,29.44444444,0,0,45,5,26,0,14,15,96,73,85,0,0,,,,,9.5,0,,,,,
31401,16584,0,27.78,34.44444444,22.77777778,28.88888889,0,0,45,5,27,0,14,15,94,73,84,0,0,,,,,8.5,0,,,,,
31401,16585,0,27.78,33.88888889,23.33333333,28.88888889,0,0,45,5,28,0,14,15,93,74,84,0,0,,,,,12.5,0,,,,,
31401,16586,0,24.076,34.44444444,22.77777778,28.88888889,0,0,45,5,29,0,11,13,94,73,84,0,0,,,,,10.5,0,,,,,
31401,16587,0,27.78,38.88888889,24.44444444,31.66666667,0,0,45,5,30,0,20,15,102,76,89,0,0,,,,,10.5,0,,,,,
31401,16588,0,29.632,36.11111111,24.44444444,30.55555556,0,0,45,5,31,0,9,16,97,76,87,0,0,,,,,23,0,,,,,
31401,16589,0,37.04,33.88888889,28.88888889,31.66666667,0,0,45,6,1,0,9,20,93,84,89,0,0,,,,,22,0,,,,,
31401,16590,0,31.484,34.44444444,28.88888889,31.66666667,0,0,45,6,2,0,11,17,94,84,89,0,0,,,,,11.5,0,,,,,
31401,16591,T,27.78,35.55555556,28.33333333,32.22222222,0,1000,45,6,3,T,9,15,96,83,90,0,0,,,,,14.5,1000,,,,,
31401,16592,2.54,33.336,30.55555556,25.55555556,28.33333333,0,1000,45,6,4,0.1,9,18,87,78,83,0,0,,,,,5.5,1000,,,,,
31401,16593,0,29.632,32.77777778,25.55555556,29.44444444,0,0,45,6,5,0,9,16,91,78,85,0,0,,,,,9,0,,,,,
31401,16594,0,25.928,35.55555556,26.11111111,31.11111111,0,0,45,6,6,0,23,14,96,79,88,0,0,,,,,11,0,,,,,
